GalEmu_v40.9	blkhole	blkhole	m	
GalEmu_v40.9	galaxian	galaxian	m	
GalEmu_v40.9	galnamco	galap4	m	
GalEmu_v40.9	galmidw	galaxianm	m	
GalEmu_v40.9	galturbo	galturbo	m	
GalEmu_v40.9	superg	superg	m	
GalEmu_v40.9	galap1	galap1	m	
GalEmu_v40.9	galap4	galap4	m	
GalEmu_v40.9	galapx	galapx	m	
GalEmu_v40.9	redufo	redufob	m	
GalEmu_v40.9	warofbug	warofbug	m	
GalEmu_v40.9	mooncrgx	mooncrgx	m	
GalEmu_v40.9	pacmanbl	pacmanbl	m	
GalEmu_v40.9	pisces	piscesb	m	
GalEmu_v40.9	uniwars	uniwars	m	
GalEmu_v40.9	spacbatt	spacbat2	m	
GalEmu_v40.9	gteikoku	gteikoku	m	
GalEmu_v40.9	zigzag	zigzag	m	
GalEmu_v40.9	zigzag2	zigzag2	m	
GalEmu_v40.9	mooncrsg	mooncrstg	m	
GalEmu_v40.9	mooncrsb	mooncrsb	m	
GalEmu_v40.9	fantazia	fantazia	m	
GalEmu_v40.9	eagle	eagle	m	
GalEmu_v40.9	moonal2	moonal2	m	
GalEmu_v40.9	moonal2b	moonal2b	m	
GalEmu_v40.9	devilfsg	devilfsg	m	
GalEmu_v40.9	galaxb	galaxiana	m	
GalEmu_v40.9	scramblb	scramblb	m	
GalEmu_v40.9	azurian	azurian	m	
GalEmu_v40.9	orbitron	orbitron	m	
GalEmu_v40.9	swarm	swarm	m	
GalEmu_v40.9	streakng	streakng	m	
