XPac_Beta_1-2-3	pacmanm	pacman	m	
XPac_Beta_1-2-3	namcopac	puckman	m	
XPac_Beta_1-2-3	mspacman	mspacmab	m	
XPac_Beta_1-2-3	pacmod	pacmod	m	
XPac_Beta_1-2-3	pacmanjp	puckmana	m	
XPac_Beta_1-2-3	crush	crush2	m	
XPac_Beta_1-2-3	hangly	hangly	m	
XPac_Beta_1-2-3	pacplus	pacplus	m	
XPac_Beta_1-2-3	mspacatk	mspacpls	m	
XPac_Beta_1-2-3	piranha	piranhah	m	
XPac_Beta_1-2-3	puckman	newpuckx	m	
