Namco_History_Vol_2	rallyx	rallyx	m	
Namco_History_Vol_2	nrallyx	nrallyxb	m	
Namco_History_Vol_2	phozon	phozon	m	
Namco_History_Vol_2	todruaga	todruagao	m	
Namco_History_Vol_2	tankbatt	tankbatt	m	
Namco_History_Vol_2	grobda	grobda	m	
