Ultracade_-_Toaplan_Classics_1	truxton2	truxton2	m	
Ultracade_-_Toaplan_Classics_1	hellfire	hellfire	m	
Ultracade_-_Toaplan_Classics_1	zerowing	zerowing	m	
Ultracade_-_Toaplan_Classics_1	demonwld	demonwld	m	
Ultracade_-_Toaplan_Classics_1	outzone	outzoneb	m	
Ultracade_-_Toaplan_Classics_1	snowbros	snowbros	m	
