Namco_Museum_Vol_2	xevious	xevious	m	
Namco_Museum_Vol_2	gaplus	gaplusa	m	
Namco_Museum_Vol_2	superpac	superpac	m	
Namco_Museum_Vol_2	mappy	mappy	m	
Namco_Museum_Vol_2	grobda	grobda	m	
Namco_Museum_Vol_2	drgnbstr	drgnbstr	m	
