Namco_Museum_Vol_3	galaxian	galaxian	m	
Namco_Museum_Vol_3	todruaga	todruagao	m	
Namco_Museum_Vol_3	digdug	digdug1	m	
Namco_Museum_Vol_3	polepos2	polepos2	m	
Namco_Museum_Vol_3	phozon	phozon	m	
Namco_Museum_Vol_3	mspacman	mspacmab	m	
